model_name,model_display_name,class,precision,recall,f1_score,support
logistic_regression,Logistic Regression,negative,0.6129032258064516,0.7307692307692307,0.6666666666666666,26
logistic_regression,Logistic Regression,neutral,0.5909090909090909,0.5,0.5416666666666666,26
logistic_regression,Logistic Regression,positive,0.96,0.9230769230769232,0.9411764705882352,26
bilstm,BiLSTM,negative,0.5454545454545454,0.4615384615384615,0.5,26
bilstm,BiLSTM,neutral,0.6,0.2307692307692307,0.3333333333333333,26
bilstm,BiLSTM,positive,0.5434782608695652,0.9615384615384616,0.6944444444444444,26
distilbert,DistilBERT,negative,0.7333333333333333,0.8461538461538461,0.7857142857142857,26
distilbert,DistilBERT,neutral,0.6666666666666666,0.5384615384615384,0.5957446808510638,26
distilbert,DistilBERT,positive,0.8148148148148148,0.8461538461538461,0.8301886792452831,26
