model_name,model_display_name,class,precision,recall,f1_score,support
logistic_regression,Logistic Regression,negative,0.6363636363636364,0.6666666666666666,0.6511627906976745,42
logistic_regression,Logistic Regression,neutral,0.475,0.4523809523809524,0.4634146341463415,42
logistic_regression,Logistic Regression,positive,0.7142857142857143,0.7142857142857143,0.7142857142857143,42
bilstm,BiLSTM,negative,0.72,0.4285714285714285,0.5373134328358209,42
bilstm,BiLSTM,neutral,0.4423076923076923,0.5476190476190477,0.4893617021276595,42
bilstm,BiLSTM,positive,0.5918367346938775,0.6904761904761905,0.6373626373626373,42
distilbert,DistilBERT,negative,0.7073170731707317,0.6904761904761905,0.6987951807228916,42
distilbert,DistilBERT,neutral,0.5588235294117647,0.4523809523809524,0.5,42
distilbert,DistilBERT,positive,0.7254901960784313,0.8809523809523809,0.7956989247311828,42
