,precision,recall,f1-score,support
negative,0.5,0.7307692307692307,0.59375,26.0
neutral,0.5714285714285714,0.15384615384615385,0.24242424242424243,26.0
positive,0.6666666666666666,0.8461538461538461,0.7457627118644068,26.0
accuracy,0.5769230769230769,0.5769230769230769,0.5769230769230769,0.5769230769230769
macro avg,0.5793650793650794,0.576923076923077,0.5273123180962164,78.0
weighted avg,0.5793650793650793,0.5769230769230769,0.5273123180962165,78.0
