,precision,recall,f1-score,support
negative,0.5454545454545454,0.46153846153846156,0.5,26.0
neutral,0.6,0.23076923076923078,0.3333333333333333,26.0
positive,0.5434782608695652,0.9615384615384616,0.6944444444444444,26.0
accuracy,0.5512820512820513,0.5512820512820513,0.5512820512820513,0.5512820512820513
macro avg,0.5629776021080369,0.5512820512820512,0.5092592592592592,78.0
weighted avg,0.5629776021080369,0.5512820512820513,0.5092592592592592,78.0
