,precision,recall,f1-score,support
negative,0.7333333333333333,0.5238095238095238,0.6111111111111112,42.0
neutral,0.5245901639344263,0.7619047619047619,0.6213592233009708,42.0
positive,0.8285714285714286,0.6904761904761905,0.7532467532467533,42.0
accuracy,0.6587301587301587,0.6587301587301587,0.6587301587301587,0.6587301587301587
macro avg,0.6954983086130627,0.6587301587301587,0.6619056958862785,126.0
weighted avg,0.6954983086130627,0.6587301587301587,0.6619056958862783,126.0
