,precision,recall,f1-score,support
negative,0.72,0.42857142857142855,0.5373134328358209,42.0
neutral,0.4423076923076923,0.5476190476190477,0.48936170212765956,42.0
positive,0.5918367346938775,0.6904761904761905,0.6373626373626373,42.0
accuracy,0.5555555555555556,0.5555555555555556,0.5555555555555556,0.5555555555555556
macro avg,0.5847148090005233,0.5555555555555556,0.5546792574420393,126.0
weighted avg,0.5847148090005233,0.5555555555555556,0.5546792574420393,126.0
