epoch,train_loss,train_accuracy,val_loss,val_accuracy
1,1.0937869596481322,0.3425,1.0647609446308401,0.6534653465346535
2,1.0056587648391724,0.6275,0.8743910128527349,0.6732673267326733
3,0.7571659469604493,0.7075,0.6836475718139422,0.693069306930693
4,0.5651393365859986,0.8025,0.6426271017235105,0.6633663366336634
5,0.4195864021778107,0.8625,0.6617198875634978,0.7029702970297029
6,0.29924746572971345,0.9175,0.6939852804240614,0.6831683168316832
7,0.2168599808216095,0.9575,0.7314661304549416,0.6633663366336634
