,precision,recall,f1-score,support
negative,0.7333333333333333,0.8461538461538461,0.7857142857142857,26.0
neutral,0.6666666666666666,0.5384615384615384,0.5957446808510638,26.0
positive,0.8148148148148148,0.8461538461538461,0.8301886792452831,26.0
accuracy,0.7435897435897436,0.7435897435897436,0.7435897435897436,0.7435897435897436
macro avg,0.7382716049382716,0.7435897435897436,0.7372158819368776,78.0
weighted avg,0.7382716049382716,0.7435897435897436,0.7372158819368775,78.0
