,precision,recall,f1-score,support
negative,0.74,0.8809523809523809,0.8043478260869565,42.0
neutral,0.7428571428571429,0.6190476190476191,0.6753246753246753,42.0
positive,0.8536585365853658,0.8333333333333334,0.8433734939759037,42.0
accuracy,0.7777777777777778,0.7777777777777778,0.7777777777777778,0.7777777777777778
macro avg,0.7788385598141696,0.7777777777777778,0.7743486651291785,126.0
weighted avg,0.7788385598141695,0.7777777777777778,0.7743486651291784,126.0
