epoch,train_loss,train_accuracy,val_loss,val_accuracy
1,1.0802862190864455,0.4084507042253521,0.9849735786031176,0.6083916083916084
2,0.8320368721451558,0.6461267605633803,0.6725838230206416,0.6923076923076923
3,0.5912638130322309,0.7517605633802817,0.5944017713720148,0.7272727272727273
4,0.38413036404780937,0.8538732394366197,0.6522090710126437,0.7272727272727273
5,0.22329595601054983,0.9383802816901409,0.6914194434672802,0.7552447552447552
6,0.13075083037707166,0.9630281690140845,0.8368870382542377,0.7412587412587412
