epoch,train_loss,train_accuracy,val_loss,val_accuracy
1,1.0937869596481322,0.3425,1.0647609257462,0.6534653465346535
2,1.005658779144287,0.6275,0.8743910411796948,0.6732673267326733
3,0.757165949344635,0.7075,0.6836475865675671,0.693069306930693
4,0.5651393234729767,0.8025,0.6426270964122055,0.6633663366336634
5,0.41958640098571776,0.8625,0.6617198911043677,0.7029702970297029
6,0.29924749553203583,0.9175,0.6939852520971015,0.6831683168316832
7,0.21685995280742645,0.9575,0.7314660478346419,0.6633663366336634
