epoch,train_loss,train_accuracy,val_loss,val_accuracy
1,1.092820096112456,0.4048582995951417,1.064595272464137,0.5967741935483871
2,0.9773736267919965,0.5910931174089069,0.8917959947739879,0.6774193548387096
3,0.6910786336732779,0.7489878542510121,0.7803954539760467,0.6774193548387096
4,0.48476447122782346,0.8502024291497976,0.7495342666102994,0.6612903225806451
5,0.3438921096595193,0.8825910931174089,0.7640707127509578,0.6774193548387096
6,0.23860268807604246,0.9392712550607287,0.7814634961466635,0.6612903225806451
7,0.15761518424097826,0.97165991902834,0.8276750445365906,0.6612903225806451
