epoch,train_loss,train_accuracy,val_loss,val_accuracy
1,1.0937869596481322,0.3425,1.0647609068615602,0.6534653465346535
2,1.0056587719917298,0.6275,0.8743910506220147,0.6732673267326733
3,0.7571659398078918,0.7075,0.6836475718139422,0.693069306930693
4,0.5651393246650696,0.8025,0.6426271082151054,0.6633663366336634
5,0.4195864027738571,0.8625,0.6617198403518979,0.7029702970297029
6,0.2992474901676178,0.9175,0.6939853217342112,0.6831683168316832
7,0.21685995876789094,0.9575,0.7314660962265317,0.6633663366336634
