,precision,recall,f1-score,support
negative,0.8553719008264463,0.8734177215189873,0.8643006263048016,237.0
neutral,0.8181818181818182,0.7215189873417721,0.7668161434977578,237.0
positive,0.8461538461538461,0.9282700421940928,0.8853118712273642,237.0
accuracy,0.8410689170182841,0.8410689170182841,0.8410689170182841,0.8410689170182841
macro avg,0.8399025217207036,0.841068917018284,0.8388095470099746,711.0
weighted avg,0.8399025217207036,0.8410689170182841,0.8388095470099746,711.0
