,precision,recall,f1-score,support
negative,0.6785714285714286,0.7307692307692307,0.7037037037037037,26.0
neutral,0.5714285714285714,0.46153846153846156,0.5106382978723404,26.0
positive,0.7931034482758621,0.8846153846153846,0.8363636363636363,26.0
accuracy,0.6923076923076923,0.6923076923076923,0.6923076923076923,0.6923076923076923
macro avg,0.6810344827586207,0.6923076923076922,0.6835685459798935,78.0
weighted avg,0.6810344827586207,0.6923076923076923,0.6835685459798935,78.0
