,precision,recall,f1-score,support
negative,0.7073170731707317,0.6904761904761905,0.6987951807228916,42.0
neutral,0.5588235294117647,0.4523809523809524,0.5,42.0
positive,0.7254901960784313,0.8809523809523809,0.7956989247311828,42.0
accuracy,0.6746031746031746,0.6746031746031746,0.6746031746031746,0.6746031746031746
macro avg,0.6638769328869759,0.6746031746031745,0.6648313684846915,126.0
weighted avg,0.663876932886976,0.6746031746031746,0.6648313684846915,126.0
