epoch,train_loss,train_accuracy,val_loss,val_accuracy
1,1.0838465976715088,0.4175,1.0468982918427723,0.5841584158415841
2,0.8979378724098206,0.6425,0.7550317497536687,0.6633663366336634
3,0.6128460562229157,0.745,0.7313144035858683,0.6633663366336634
4,0.44313267737627027,0.845,0.7553977706644794,0.6039603960396039
5,0.294564371407032,0.9025,0.8042686221623184,0.6534653465346535
6,0.1626503874361515,0.9625,0.8933588201456731,0.6831683168316832
