,precision,recall,f1-score,support
negative,0.6363636363636364,0.6666666666666666,0.6511627906976745,42.0
neutral,0.475,0.4523809523809524,0.4634146341463415,42.0
positive,0.7142857142857143,0.7142857142857143,0.7142857142857143,42.0
accuracy,0.6111111111111112,0.6111111111111112,0.6111111111111112,0.6111111111111112
macro avg,0.6085497835497836,0.6111111111111112,0.6096210463765767,126.0
weighted avg,0.6085497835497835,0.6111111111111112,0.6096210463765768,126.0
