,precision,recall,f1-score,support
negative,0.6129032258064516,0.7307692307692307,0.6666666666666666,26.0
neutral,0.5909090909090909,0.5,0.5416666666666666,26.0
positive,0.96,0.9230769230769231,0.9411764705882353,26.0
accuracy,0.717948717948718,0.717948717948718,0.717948717948718,0.717948717948718
macro avg,0.7212707722385142,0.7179487179487181,0.7165032679738562,78.0
weighted avg,0.7212707722385142,0.717948717948718,0.7165032679738561,78.0
