,precision,recall,f1-score,support
negative,0.6415094339622641,0.8095238095238095,0.7157894736842105,42.0
neutral,0.6206896551724138,0.42857142857142855,0.5070422535211268,42.0
positive,0.7954545454545454,0.8333333333333334,0.813953488372093,42.0
accuracy,0.6904761904761905,0.6904761904761905,0.6904761904761905,0.6904761904761905
macro avg,0.6858845448630744,0.6904761904761906,0.6789284051924768,126.0
weighted avg,0.6858845448630744,0.6904761904761905,0.6789284051924769,126.0
