model_name,model_display_name,accuracy,macro_precision,macro_recall,macro_f1,weighted_precision,weighted_recall,weighted_f1,train_samples,train_samples_total,internal_train_samples,validation_samples,test_samples,epochs_trained,text_column,label_column,pretrained_model,device,test_loss,best_val_loss
distilbert,DistilBERT,0.7698412698412699,0.7688641852404917,0.7698412698412698,0.7663768627624049,0.7688641852404918,0.7698412698412699,0.7663768627624049,,501.0,400.0,101.0,126,6.0,BERT_Text,Sentiment,distilbert-base-uncased,cuda,0.6208123261966403,0.6234084887079673
logistic_regression,Logistic Regression,0.6904761904761905,0.6858845448630744,0.6904761904761906,0.6789284051924768,0.6858845448630744,0.6904761904761905,0.6789284051924769,501.0,,,,126,,Cleaned_Text,Sentiment,,,,
bilstm,BiLSTM,0.6587301587301587,0.6954983086130627,0.6587301587301587,0.6619056958862785,0.6954983086130627,0.6587301587301587,0.6619056958862783,,501.0,400.0,101.0,126,13.0,Cleaned_Text,Sentiment,,,,
