model_name,model_display_name,accuracy,macro_precision,macro_recall,macro_f1,weighted_precision,weighted_recall,weighted_f1,train_samples,train_samples_total,internal_train_samples,validation_samples,test_samples,epochs_trained,text_column,label_column,pretrained_model,device,test_loss,best_val_loss
distilbert,DistilBERT,0.7435897435897436,0.7382716049382716,0.7435897435897436,0.7372158819368776,0.7382716049382716,0.7435897435897436,0.7372158819368775,,309.0,247.0,62.0,78,7.0,BERT_Text,Sentiment,distilbert-base-uncased,cpu,0.6400070358545352,0.7495342666102994
logistic_regression,Logistic Regression,0.717948717948718,0.7212707722385142,0.7179487179487181,0.7165032679738562,0.7212707722385142,0.717948717948718,0.7165032679738561,309.0,,,,78,,Cleaned_Text,Sentiment,,,,
bilstm,BiLSTM,0.5512820512820513,0.5629776021080369,0.5512820512820512,0.5092592592592592,0.5629776021080369,0.5512820512820513,0.5092592592592592,,309.0,247.0,62.0,78,12.0,Cleaned_Text,Sentiment,,,,
