epoch,train_loss,train_accuracy,val_loss,val_accuracy
1,0.6934395782378039,0.6882591093117408,0.8083301378834632,0.6290322580645161
2,0.6106608519669969,0.7165991902834008,0.725597410432754,0.6774193548387096
3,0.44133271421739445,0.8461538461538461,0.8172233008569286,0.6774193548387096
4,0.34272135317566904,0.8906882591093117,0.9016337317805136,0.6774193548387096
5,0.2621141912845465,0.9109311740890689,0.9021951190886959,0.6774193548387096
6,0.20271763461924758,0.9433198380566802,0.9911051796328637,0.6935483870967742
