,precision,recall,f1-score,support
negative,0.7,0.8076923076923077,0.75,26.0
neutral,0.5454545454545454,0.46153846153846156,0.5,26.0
positive,0.8076923076923077,0.8076923076923077,0.8076923076923077,26.0
accuracy,0.6923076923076923,0.6923076923076923,0.6923076923076923,0.6923076923076923
macro avg,0.6843822843822843,0.6923076923076922,0.6858974358974358,78.0
weighted avg,0.6843822843822843,0.6923076923076923,0.6858974358974359,78.0
