,precision,recall,f1-score,support
negative,0.6557377049180327,0.9523809523809523,0.7766990291262136,42.0
neutral,0.6,0.2857142857142857,0.3870967741935484,42.0
positive,0.7333333333333333,0.7857142857142857,0.7586206896551724,42.0
accuracy,0.6746031746031746,0.6746031746031746,0.6746031746031746,0.6746031746031746
macro avg,0.663023679417122,0.6746031746031745,0.6408054976583114,126.0
weighted avg,0.663023679417122,0.6746031746031746,0.6408054976583114,126.0
