epoch,train_loss,train_accuracy,val_loss,val_accuracy
1,0.732350355386734,0.66,0.6564630452949222,0.7227722772277227
2,0.5697179579734802,0.7575,0.6946230135341682,0.7128712871287128
3,0.36595966160297394,0.845,0.7810524347985145,0.7326732673267327
4,0.2507865369319916,0.91,0.8184065346670623,0.7227722772277227
